,base_name,plate_rc,worm_id,worm_pixel_area
0,A01_01_ground_truth,A01,1,1136
1,A01_02_ground_truth,A01,2,1051
2,A01_03_ground_truth,A01,3,1186
3,A01_04_ground_truth,A01,4,1014
4,A01_05_ground_truth,A01,5,779
5,A01_06_ground_truth,A01,6,776
6,A01_07_ground_truth,A01,7,1056
7,A01_08_ground_truth,A01,8,1211
8,A01_09_ground_truth,A01,9,1181
9,A01_10_ground_truth,A01,10,1192
10,A01_11_ground_truth,A01,11,1214
11,A01_12_ground_truth,A01,12,1046
12,A01_13_ground_truth,A01,13,1031
13,A01_14_ground_truth,A01,14,1008
14,A01_15_ground_truth,A01,15,799
15,A02_01_ground_truth,A02,1,1152
16,A02_02_ground_truth,A02,2,856
17,A02_03_ground_truth,A02,3,1016
18,A02_04_ground_truth,A02,4,878
19,A02_05_ground_truth,A02,5,992
20,A02_06_ground_truth,A02,6,1035
21,A02_07_ground_truth,A02,7,975
22,A02_08_ground_truth,A02,8,997
23,A02_09_ground_truth,A02,9,763
24,A02_10_ground_truth,A02,10,1109
25,A02_11_ground_truth,A02,11,974
26,A02_12_ground_truth,A02,12,1027
27,A02_13_ground_truth,A02,13,1010
28,A02_14_ground_truth,A02,14,1180
29,A02_15_ground_truth,A02,15,907
30,A03_01_ground_truth,A03,1,1214
31,A03_02_ground_truth,A03,2,899
32,A03_03_ground_truth,A03,3,961
33,A03_04_ground_truth,A03,4,940
34,A03_05_ground_truth,A03,5,976
35,A03_06_ground_truth,A03,6,982
36,A03_07_ground_truth,A03,7,878
37,A03_08_ground_truth,A03,8,949
38,A03_09_ground_truth,A03,9,665
39,A03_10_ground_truth,A03,10,920
40,A03_11_ground_truth,A03,11,950
41,A03_12_ground_truth,A03,12,1074
42,A03_13_ground_truth,A03,13,796
43,A03_14_ground_truth,A03,14,795
44,A03_15_ground_truth,A03,15,1028
45,A04_01_ground_truth,A04,1,1029
46,A04_02_ground_truth,A04,2,1088
47,A04_03_ground_truth,A04,3,977
48,A04_04_ground_truth,A04,4,1047
49,A04_05_ground_truth,A04,5,1191
50,A04_06_ground_truth,A04,6,1033
51,A04_07_ground_truth,A04,7,1088
52,A04_08_ground_truth,A04,8,829
53,A04_09_ground_truth,A04,9,933
54,A04_10_ground_truth,A04,10,947
55,A04_11_ground_truth,A04,11,913
56,A04_12_ground_truth,A04,12,1085
57,A04_13_ground_truth,A04,13,1039
58,A04_14_ground_truth,A04,14,985
59,A04_15_ground_truth,A04,15,785
60,A05_01_ground_truth,A05,1,1012
61,A05_02_ground_truth,A05,2,1096
62,A05_03_ground_truth,A05,3,1023
63,A05_04_ground_truth,A05,4,1059
64,A05_05_ground_truth,A05,5,1058
65,A05_06_ground_truth,A05,6,1031
66,A05_07_ground_truth,A05,7,881
67,A05_08_ground_truth,A05,8,1220
68,A05_09_ground_truth,A05,9,963
69,A05_10_ground_truth,A05,10,971
70,A05_11_ground_truth,A05,11,963
71,A05_12_ground_truth,A05,12,861
72,A05_13_ground_truth,A05,13,1291
73,A05_14_ground_truth,A05,14,1129
74,A05_15_ground_truth,A05,15,1007
75,A06_01_ground_truth,A06,1,1078
76,A06_02_ground_truth,A06,2,977
77,A06_03_ground_truth,A06,3,1041
78,A06_04_ground_truth,A06,4,974
79,A06_05_ground_truth,A06,5,1055
80,A06_06_ground_truth,A06,6,998
81,A06_07_ground_truth,A06,7,1104
82,A06_08_ground_truth,A06,8,1097
83,A06_09_ground_truth,A06,9,814
84,A06_10_ground_truth,A06,10,1175
85,A06_11_ground_truth,A06,11,1224
86,A06_12_ground_truth,A06,12,992
87,A06_13_ground_truth,A06,13,1046
88,A06_14_ground_truth,A06,14,858
89,A06_15_ground_truth,A06,15,781
90,A07_01_ground_truth,A07,1,1177
91,A07_02_ground_truth,A07,2,1205
92,A07_03_ground_truth,A07,3,784
93,A07_04_ground_truth,A07,4,983
94,A07_05_ground_truth,A07,5,1106
95,A07_06_ground_truth,A07,6,1074
96,A07_07_ground_truth,A07,7,1238
97,A07_08_ground_truth,A07,8,1079
98,A07_09_ground_truth,A07,9,1022
99,A07_10_ground_truth,A07,10,1054
100,A07_11_ground_truth,A07,11,1000
101,A07_12_ground_truth,A07,12,1080
102,A07_13_ground_truth,A07,13,1079
103,A07_14_ground_truth,A07,14,681
104,A08_01_ground_truth,A08,1,942
105,A08_02_ground_truth,A08,2,1111
106,A08_03_ground_truth,A08,3,1087
107,A08_04_ground_truth,A08,4,1014
108,A08_05_ground_truth,A08,5,1113
109,A08_06_ground_truth,A08,6,959
110,A08_07_ground_truth,A08,7,1133
111,A08_08_ground_truth,A08,8,1178
112,A08_09_ground_truth,A08,9,992
113,A08_10_ground_truth,A08,10,851
114,A08_11_ground_truth,A08,11,1331
115,A08_12_ground_truth,A08,12,817
116,A08_13_ground_truth,A08,13,1050
117,A08_14_ground_truth,A08,14,1129
118,A08_15_ground_truth,A08,15,784
119,A09_01_ground_truth,A09,1,899
120,A09_02_ground_truth,A09,2,953
121,A09_03_ground_truth,A09,3,791
122,A09_04_ground_truth,A09,4,711
123,A09_06_ground_truth,A09,6,895
124,A09_07_ground_truth,A09,7,888
125,A09_08_ground_truth,A09,8,919
126,A09_09_ground_truth,A09,9,1092
127,A09_10_ground_truth,A09,10,989
128,A09_11_ground_truth,A09,11,1059
129,A09_12_ground_truth,A09,12,820
130,A09_13_ground_truth,A09,13,1119
131,A09_14_ground_truth,A09,14,813
132,A09_15_ground_truth,A09,15,1103
133,A09_16_ground_truth,A09,16,1261
134,A10_01_ground_truth,A10,1,1186
135,A10_02_ground_truth,A10,2,818
136,A10_03_ground_truth,A10,3,905
137,A10_04_ground_truth,A10,4,1101
138,A10_05_ground_truth,A10,5,816
139,A10_06_ground_truth,A10,6,1119
140,A10_07_ground_truth,A10,7,1009
141,A10_08_ground_truth,A10,8,943
142,A10_09_ground_truth,A10,9,1147
143,A10_10_ground_truth,A10,10,937
144,A10_11_ground_truth,A10,11,1073
145,A10_12_ground_truth,A10,12,1168
146,A10_13_ground_truth,A10,13,813
147,A10_14_ground_truth,A10,14,1035
148,A10_15_ground_truth,A10,15,1004
149,A11_01_ground_truth,A11,1,975
150,A11_02_ground_truth,A11,2,1001
151,A11_03_ground_truth,A11,3,989
152,A11_04_ground_truth,A11,4,1018
153,A11_05_ground_truth,A11,5,1008
154,A11_06_ground_truth,A11,6,969
155,A11_07_ground_truth,A11,7,826
156,A11_08_ground_truth,A11,8,1029
157,A11_09_ground_truth,A11,9,905
158,A11_10_ground_truth,A11,10,1032
159,A11_11_ground_truth,A11,11,1220
160,A11_12_ground_truth,A11,12,1008
161,A11_13_ground_truth,A11,13,1056
162,A11_14_ground_truth,A11,14,991
163,A11_15_ground_truth,A11,15,943
164,A12_01_ground_truth,A12,1,1067
165,A12_02_ground_truth,A12,2,1051
166,A12_03_ground_truth,A12,3,1029
167,A12_04_ground_truth,A12,4,1123
168,A12_05_ground_truth,A12,5,976
169,A12_06_ground_truth,A12,6,996
170,A12_07_ground_truth,A12,7,1230
171,A12_08_ground_truth,A12,8,1139
172,A12_09_ground_truth,A12,9,1125
173,A12_10_ground_truth,A12,10,955
174,A12_11_ground_truth,A12,11,1089
175,A12_12_ground_truth,A12,12,986
176,A12_13_ground_truth,A12,13,868
177,A12_14_ground_truth,A12,14,1053
178,A12_15_ground_truth,A12,15,992
179,A13_01_ground_truth,A13,1,852
180,A13_02_ground_truth,A13,2,934
181,A13_03_ground_truth,A13,3,1051
182,A13_04_ground_truth,A13,4,877
183,A13_05_ground_truth,A13,5,966
184,A13_06_ground_truth,A13,6,971
185,A13_07_ground_truth,A13,7,735
186,A13_08_ground_truth,A13,8,969
187,A13_09_ground_truth,A13,9,1054
188,A13_10_ground_truth,A13,10,1052
189,A13_11_ground_truth,A13,11,1078
190,A13_12_ground_truth,A13,12,1150
191,A13_13_ground_truth,A13,13,769
192,A13_14_ground_truth,A13,14,1079
193,A14_01_ground_truth,A14,1,860
194,A14_02_ground_truth,A14,2,886
195,A14_03_ground_truth,A14,3,783
196,A14_04_ground_truth,A14,4,992
197,A14_05_ground_truth,A14,5,1238
198,A14_06_ground_truth,A14,6,850
199,A14_07_ground_truth,A14,7,1081
200,A14_08_ground_truth,A14,8,1122
201,A14_09_ground_truth,A14,9,1164
202,A14_10_ground_truth,A14,10,788
203,A14_11_ground_truth,A14,11,1355
204,A14_12_ground_truth,A14,12,977
205,A14_13_ground_truth,A14,13,1091
206,A14_14_ground_truth,A14,14,857
207,A14_15_ground_truth,A14,15,1152
208,A15_01_ground_truth,A15,1,982
209,A15_02_ground_truth,A15,2,882
210,A15_03_ground_truth,A15,3,1149
211,A15_04_ground_truth,A15,4,668
212,A15_05_ground_truth,A15,5,1040
213,A15_06_ground_truth,A15,6,923
214,A15_07_ground_truth,A15,7,813
215,A15_08_ground_truth,A15,8,941
216,A15_09_ground_truth,A15,9,847
217,A15_10_ground_truth,A15,10,1080
218,A15_11_ground_truth,A15,11,1018
219,A15_12_ground_truth,A15,12,1024
220,A15_13_ground_truth,A15,13,857
221,A15_14_ground_truth,A15,14,1137
222,A15_15_ground_truth,A15,15,949
223,A16_01_ground_truth,A16,1,843
224,A16_02_ground_truth,A16,2,970
225,A16_03_ground_truth,A16,3,791
226,A16_04_ground_truth,A16,4,780
227,A16_05_ground_truth,A16,5,957
228,A16_06_ground_truth,A16,6,1070
229,A16_07_ground_truth,A16,7,1062
230,A16_08_ground_truth,A16,8,906
231,A16_09_ground_truth,A16,9,605
232,A16_10_ground_truth,A16,10,970
233,A16_12_ground_truth,A16,12,1243
234,A16_13_ground_truth,A16,13,958
235,A16_14_ground_truth,A16,14,1246
236,A17_01_ground_truth,A17,1,998
237,A17_02_ground_truth,A17,2,1102
238,A17_03_ground_truth,A17,3,1238
239,A17_04_ground_truth,A17,4,760
240,A17_05_ground_truth,A17,5,1070
241,A17_06_ground_truth,A17,6,990
242,A17_07_ground_truth,A17,7,1103
243,A17_08_ground_truth,A17,8,952
244,A17_09_ground_truth,A17,9,724
245,A17_10_ground_truth,A17,10,1115
246,A17_11_ground_truth,A17,11,1032
247,A17_12_ground_truth,A17,12,1151
248,A17_13_ground_truth,A17,13,930
249,A17_14_ground_truth,A17,14,923
250,A18_01_ground_truth,A18,1,1007
251,A18_02_ground_truth,A18,2,1035
252,A18_03_ground_truth,A18,3,938
253,A18_04_ground_truth,A18,4,896
254,A18_05_ground_truth,A18,5,978
255,A18_06_ground_truth,A18,6,1034
256,A18_07_ground_truth,A18,7,915
257,A18_08_ground_truth,A18,8,1142
258,A18_09_ground_truth,A18,9,875
259,A18_10_ground_truth,A18,10,1435
260,A18_11_ground_truth,A18,11,1250
261,A18_12_ground_truth,A18,12,1121
262,A18_13_ground_truth,A18,13,814
263,A18_14_ground_truth,A18,14,1030
264,A19_01_ground_truth,A19,1,1028
265,A19_02_ground_truth,A19,2,1055
266,A19_03_ground_truth,A19,3,848
267,A19_04_ground_truth,A19,4,1102
268,A19_05_ground_truth,A19,5,1148
269,A19_06_ground_truth,A19,6,980
270,A19_07_ground_truth,A19,7,1139
271,A19_08_ground_truth,A19,8,950
272,A19_09_ground_truth,A19,9,932
273,A19_10_ground_truth,A19,10,1214
274,A19_11_ground_truth,A19,11,1364
275,A19_12_ground_truth,A19,12,912
276,A20_01_ground_truth,A20,1,782
277,A20_02_ground_truth,A20,2,1107
278,A20_03_ground_truth,A20,3,926
279,A20_04_ground_truth,A20,4,802
280,A20_05_ground_truth,A20,5,853
281,A20_06_ground_truth,A20,6,1103
282,A20_07_ground_truth,A20,7,969
283,A20_08_ground_truth,A20,8,1182
284,A20_09_ground_truth,A20,9,1076
285,A20_10_ground_truth,A20,10,1090
286,A20_11_ground_truth,A20,11,1045
287,A20_12_ground_truth,A20,12,954
288,A20_13_ground_truth,A20,13,1013
289,A20_14_ground_truth,A20,14,930
290,A21_01_ground_truth,A21,1,1104
291,A21_02_ground_truth,A21,2,773
292,A21_03_ground_truth,A21,3,938
293,A21_04_ground_truth,A21,4,759
294,A21_05_ground_truth,A21,5,985
295,A21_06_ground_truth,A21,6,1048
296,A21_07_ground_truth,A21,7,1042
297,A21_08_ground_truth,A21,8,939
298,A21_09_ground_truth,A21,9,890
299,A21_10_ground_truth,A21,10,940
300,A21_11_ground_truth,A21,11,1161
301,A21_12_ground_truth,A21,12,923
302,A21_13_ground_truth,A21,13,914
303,A21_14_ground_truth,A21,14,1005
304,A22_01_ground_truth,A22,1,929
305,A22_02_ground_truth,A22,2,1097
306,A22_03_ground_truth,A22,3,689
307,A22_04_ground_truth,A22,4,714
308,A22_05_ground_truth,A22,5,1029
309,A22_06_ground_truth,A22,6,816
310,A22_07_ground_truth,A22,7,1006
311,A22_08_ground_truth,A22,8,985
312,A22_09_ground_truth,A22,9,1246
313,A22_10_ground_truth,A22,10,850
314,A22_11_ground_truth,A22,11,908
315,A22_12_ground_truth,A22,12,811
316,A22_13_ground_truth,A22,13,932
317,A22_14_ground_truth,A22,14,827
318,A22_15_ground_truth,A22,15,844
319,A23_01_ground_truth,A23,1,1025
320,A23_02_ground_truth,A23,2,1178
321,A23_03_ground_truth,A23,3,924
322,A23_04_ground_truth,A23,4,969
323,A23_05_ground_truth,A23,5,1194
324,A23_06_ground_truth,A23,6,981
325,A23_07_ground_truth,A23,7,1142
326,A23_08_ground_truth,A23,8,1153
327,A23_09_ground_truth,A23,9,1143
328,A23_10_ground_truth,A23,10,986
329,A23_11_ground_truth,A23,11,966
330,A23_12_ground_truth,A23,12,946
331,A24_01_ground_truth,A24,1,956
332,A24_02_ground_truth,A24,2,1005
333,A24_03_ground_truth,A24,3,924
334,A24_04_ground_truth,A24,4,1041
335,A24_05_ground_truth,A24,5,1163
336,A24_06_ground_truth,A24,6,1044
337,A24_07_ground_truth,A24,7,906
338,A24_08_ground_truth,A24,8,927
339,A24_09_ground_truth,A24,9,972
340,A24_10_ground_truth,A24,10,947
341,A24_11_ground_truth,A24,11,950
342,A24_12_ground_truth,A24,12,1124
343,A24_13_ground_truth,A24,13,1110
344,A24_14_ground_truth,A24,14,1016
345,B01_01_ground_truth,B01,1,933
346,B01_02_ground_truth,B01,2,1178
347,B01_03_ground_truth,B01,3,1044
348,B01_04_ground_truth,B01,4,1049
349,B01_05_ground_truth,B01,5,959
350,B01_06_ground_truth,B01,6,812
351,B01_07_ground_truth,B01,7,978
352,B01_08_ground_truth,B01,8,1204
353,B01_09_ground_truth,B01,9,957
354,B01_10_ground_truth,B01,10,1200
355,B01_11_ground_truth,B01,11,1134
356,B01_12_ground_truth,B01,12,841
357,B01_13_ground_truth,B01,13,889
358,B01_14_ground_truth,B01,14,1064
359,B01_15_ground_truth,B01,15,886
360,B02_01_ground_truth,B02,1,980
361,B02_02_ground_truth,B02,2,971
362,B02_03_ground_truth,B02,3,762
363,B02_04_ground_truth,B02,4,813
364,B02_05_ground_truth,B02,5,919
365,B02_06_ground_truth,B02,6,930
366,B02_07_ground_truth,B02,7,1033
367,B02_08_ground_truth,B02,8,1054
368,B02_09_ground_truth,B02,9,1057
369,B02_10_ground_truth,B02,10,1015
370,B02_11_ground_truth,B02,11,1056
371,B02_12_ground_truth,B02,12,982
372,B02_13_ground_truth,B02,13,1006
373,B02_14_ground_truth,B02,14,810
374,B02_15_ground_truth,B02,15,964
375,B03_01_ground_truth,B03,1,1036
376,B03_02_ground_truth,B03,2,878
377,B03_03_ground_truth,B03,3,909
378,B03_04_ground_truth,B03,4,1058
379,B03_05_ground_truth,B03,5,911
380,B03_06_ground_truth,B03,6,994
381,B03_07_ground_truth,B03,7,1181
382,B03_08_ground_truth,B03,8,1010
383,B03_09_ground_truth,B03,9,1126
384,B03_10_ground_truth,B03,10,1134
385,B03_11_ground_truth,B03,11,961
386,B03_12_ground_truth,B03,12,757
387,B03_13_ground_truth,B03,13,1125
388,B03_14_ground_truth,B03,14,932
389,B03_15_ground_truth,B03,15,890
390,B04_01_ground_truth,B04,1,1064
391,B04_02_ground_truth,B04,2,984
392,B04_03_ground_truth,B04,3,982
393,B04_04_ground_truth,B04,4,900
394,B04_05_ground_truth,B04,5,776
395,B04_06_ground_truth,B04,6,1009
396,B04_07_ground_truth,B04,7,1122
397,B04_08_ground_truth,B04,8,1125
398,B04_09_ground_truth,B04,9,995
399,B04_10_ground_truth,B04,10,1001
400,B04_11_ground_truth,B04,11,1126
401,B04_12_ground_truth,B04,12,980
402,B04_13_ground_truth,B04,13,1168
403,B04_14_ground_truth,B04,14,1059
404,B04_15_ground_truth,B04,15,827
405,B05_01_ground_truth,B05,1,1157
406,B05_02_ground_truth,B05,2,1116
407,B05_03_ground_truth,B05,3,1189
408,B05_04_ground_truth,B05,4,1086
409,B05_05_ground_truth,B05,5,855
410,B05_06_ground_truth,B05,6,1045
411,B05_07_ground_truth,B05,7,1060
412,B05_08_ground_truth,B05,8,823
413,B05_09_ground_truth,B05,9,1021
414,B05_10_ground_truth,B05,10,1277
415,B05_11_ground_truth,B05,11,945
416,B05_12_ground_truth,B05,12,867
417,B05_13_ground_truth,B05,13,1027
418,B05_14_ground_truth,B05,14,1013
419,B06_01_ground_truth,B06,1,980
420,B06_02_ground_truth,B06,2,885
421,B06_03_ground_truth,B06,3,1188
422,B06_04_ground_truth,B06,4,991
423,B06_05_ground_truth,B06,5,1086
424,B06_06_ground_truth,B06,6,965
425,B06_07_ground_truth,B06,7,1193
426,B06_08_ground_truth,B06,8,1032
427,B06_09_ground_truth,B06,9,1006
428,B06_10_ground_truth,B06,10,1211
429,B06_11_ground_truth,B06,11,1164
430,B06_12_ground_truth,B06,12,1076
431,B06_13_ground_truth,B06,13,1082
432,B06_14_ground_truth,B06,14,1164
433,B06_15_ground_truth,B06,15,958
434,B07_01_ground_truth,B07,1,1246
435,B07_02_ground_truth,B07,2,1272
436,B07_03_ground_truth,B07,3,888
437,B07_04_ground_truth,B07,4,925
438,B07_05_ground_truth,B07,5,919
439,B07_06_ground_truth,B07,6,1212
440,B07_07_ground_truth,B07,7,1048
441,B07_08_ground_truth,B07,8,1355
442,B07_09_ground_truth,B07,9,1107
443,B07_10_ground_truth,B07,10,1212
444,B07_11_ground_truth,B07,11,1497
445,B07_12_ground_truth,B07,12,1117
446,B07_13_ground_truth,B07,13,1226
447,B07_14_ground_truth,B07,14,946
448,B07_15_ground_truth,B07,15,1149
449,B08_01_ground_truth,B08,1,859
450,B08_02_ground_truth,B08,2,1232
451,B08_03_ground_truth,B08,3,1022
452,B08_04_ground_truth,B08,4,1185
453,B08_05_ground_truth,B08,5,671
454,B08_06_ground_truth,B08,6,1226
455,B08_07_ground_truth,B08,7,1047
456,B08_08_ground_truth,B08,8,1132
457,B08_09_ground_truth,B08,9,1040
458,B08_10_ground_truth,B08,10,1040
459,B08_11_ground_truth,B08,11,975
460,B08_12_ground_truth,B08,12,1008
461,B08_13_ground_truth,B08,13,952
462,B08_14_ground_truth,B08,14,945
463,B08_15_ground_truth,B08,15,1200
464,B09_01_ground_truth,B09,1,1045
465,B09_02_ground_truth,B09,2,1226
466,B09_03_ground_truth,B09,3,1110
467,B09_04_ground_truth,B09,4,1106
468,B09_05_ground_truth,B09,5,1118
469,B09_06_ground_truth,B09,6,999
470,B09_07_ground_truth,B09,7,1166
471,B09_08_ground_truth,B09,8,1239
472,B09_09_ground_truth,B09,9,914
473,B09_10_ground_truth,B09,10,1237
474,B09_11_ground_truth,B09,11,1025
475,B09_12_ground_truth,B09,12,1111
476,B09_13_ground_truth,B09,13,880
477,B09_14_ground_truth,B09,14,974
478,B10_01_ground_truth,B10,1,1033
479,B10_02_ground_truth,B10,2,1024
480,B10_03_ground_truth,B10,3,881
481,B10_04_ground_truth,B10,4,1195
482,B10_05_ground_truth,B10,5,919
483,B10_06_ground_truth,B10,6,975
484,B10_07_ground_truth,B10,7,973
485,B10_08_ground_truth,B10,8,882
486,B10_09_ground_truth,B10,9,1065
487,B10_10_ground_truth,B10,10,1072
488,B10_11_ground_truth,B10,11,1179
489,B10_12_ground_truth,B10,12,838
490,B10_13_ground_truth,B10,13,1064
491,B10_14_ground_truth,B10,14,1078
492,B11_02_ground_truth,B11,2,1051
493,B11_03_ground_truth,B11,3,974
494,B11_04_ground_truth,B11,4,1051
495,B11_05_ground_truth,B11,5,710
496,B11_06_ground_truth,B11,6,1061
497,B11_07_ground_truth,B11,7,1052
498,B11_08_ground_truth,B11,8,982
499,B11_09_ground_truth,B11,9,991
500,B11_10_ground_truth,B11,10,1122
501,B11_11_ground_truth,B11,11,1051
502,B11_12_ground_truth,B11,12,1159
503,B11_13_ground_truth,B11,13,724
504,B11_14_ground_truth,B11,14,903
505,B11_15_ground_truth,B11,15,1119
506,B12_01_ground_truth,B12,1,1329
507,B12_02_ground_truth,B12,2,784
508,B12_03_ground_truth,B12,3,841
509,B12_04_ground_truth,B12,4,813
510,B12_05_ground_truth,B12,5,1094
511,B12_06_ground_truth,B12,6,1191
512,B12_07_ground_truth,B12,7,1025
513,B12_08_ground_truth,B12,8,956
514,B12_09_ground_truth,B12,9,1119
515,B12_10_ground_truth,B12,10,815
516,B12_11_ground_truth,B12,11,1240
517,B12_12_ground_truth,B12,12,1049
518,B12_13_ground_truth,B12,13,1141
519,B12_14_ground_truth,B12,14,915
520,B12_15_ground_truth,B12,15,901
521,B13_01_ground_truth,B13,1,1262
522,B13_02_ground_truth,B13,2,928
523,B13_03_ground_truth,B13,3,1051
524,B13_04_ground_truth,B13,4,682
525,B13_05_ground_truth,B13,5,659
526,B13_06_ground_truth,B13,6,871
527,B13_07_ground_truth,B13,7,961
528,B13_08_ground_truth,B13,8,897
529,B13_09_ground_truth,B13,9,859
530,B13_10_ground_truth,B13,10,734
531,B13_11_ground_truth,B13,11,934
532,B13_12_ground_truth,B13,12,833
533,B13_13_ground_truth,B13,13,1191
534,B14_01_ground_truth,B14,1,1053
535,B14_02_ground_truth,B14,2,1047
536,B14_03_ground_truth,B14,3,899
537,B14_04_ground_truth,B14,4,940
538,B14_06_ground_truth,B14,6,918
539,B14_07_ground_truth,B14,7,1067
540,B14_08_ground_truth,B14,8,978
541,B14_09_ground_truth,B14,9,1013
542,B14_10_ground_truth,B14,10,1042
543,B14_11_ground_truth,B14,11,938
544,B14_12_ground_truth,B14,12,1064
545,B14_13_ground_truth,B14,13,997
546,B15_01_ground_truth,B15,1,1108
547,B15_02_ground_truth,B15,2,897
548,B15_03_ground_truth,B15,3,839
549,B15_04_ground_truth,B15,4,1101
550,B15_05_ground_truth,B15,5,1214
551,B15_06_ground_truth,B15,6,1139
552,B15_07_ground_truth,B15,7,1083
553,B15_08_ground_truth,B15,8,963
554,B15_09_ground_truth,B15,9,1172
555,B15_10_ground_truth,B15,10,932
556,B15_11_ground_truth,B15,11,1015
557,B15_12_ground_truth,B15,12,897
558,B15_13_ground_truth,B15,13,948
559,B16_01_ground_truth,B16,1,844
560,B16_02_ground_truth,B16,2,1076
561,B16_03_ground_truth,B16,3,993
562,B16_04_ground_truth,B16,4,970
563,B16_05_ground_truth,B16,5,1023
564,B16_06_ground_truth,B16,6,1041
565,B16_07_ground_truth,B16,7,1135
566,B16_08_ground_truth,B16,8,904
567,B16_09_ground_truth,B16,9,912
568,B16_10_ground_truth,B16,10,820
569,B16_11_ground_truth,B16,11,1013
570,B16_12_ground_truth,B16,12,788
571,B16_13_ground_truth,B16,13,966
572,B16_14_ground_truth,B16,14,755
573,B17_01_ground_truth,B17,1,1093
574,B17_02_ground_truth,B17,2,996
575,B17_03_ground_truth,B17,3,1043
576,B17_04_ground_truth,B17,4,899
577,B17_05_ground_truth,B17,5,1175
578,B17_06_ground_truth,B17,6,759
579,B17_07_ground_truth,B17,7,1028
580,B17_08_ground_truth,B17,8,1114
581,B17_09_ground_truth,B17,9,959
582,B17_10_ground_truth,B17,10,1083
583,B17_11_ground_truth,B17,11,1081
584,B17_12_ground_truth,B17,12,1000
585,B18_01_ground_truth,B18,1,1091
586,B18_02_ground_truth,B18,2,1110
587,B18_03_ground_truth,B18,3,841
588,B18_04_ground_truth,B18,4,1207
589,B18_05_ground_truth,B18,5,1139
590,B18_06_ground_truth,B18,6,1046
591,B18_07_ground_truth,B18,7,987
592,B18_08_ground_truth,B18,8,1120
593,B18_09_ground_truth,B18,9,1127
594,B18_10_ground_truth,B18,10,1040
595,B18_11_ground_truth,B18,11,877
596,B18_12_ground_truth,B18,12,909
597,B18_13_ground_truth,B18,13,878
598,B19_01_ground_truth,B19,1,870
599,B19_02_ground_truth,B19,2,1009
600,B19_03_ground_truth,B19,3,893
601,B19_04_ground_truth,B19,4,892
602,B19_05_ground_truth,B19,5,969
603,B19_06_ground_truth,B19,6,933
604,B19_07_ground_truth,B19,7,808
605,B19_08_ground_truth,B19,8,890
606,B19_09_ground_truth,B19,9,953
607,B19_10_ground_truth,B19,10,1073
608,B19_11_ground_truth,B19,11,1103
609,B19_12_ground_truth,B19,12,1074
610,B19_13_ground_truth,B19,13,1016
611,B19_14_ground_truth,B19,14,902
612,B20_01_ground_truth,B20,1,938
613,B20_02_ground_truth,B20,2,948
614,B20_03_ground_truth,B20,3,820
615,B20_04_ground_truth,B20,4,788
616,B20_05_ground_truth,B20,5,937
617,B20_06_ground_truth,B20,6,966
618,B20_07_ground_truth,B20,7,839
619,B20_08_ground_truth,B20,8,885
620,B20_09_ground_truth,B20,9,891
621,B20_10_ground_truth,B20,10,860
622,B20_11_ground_truth,B20,11,877
623,B20_12_ground_truth,B20,12,989
624,B20_13_ground_truth,B20,13,929
625,B20_14_ground_truth,B20,14,773
626,B21_01_ground_truth,B21,1,756
627,B21_02_ground_truth,B21,2,942
628,B21_03_ground_truth,B21,3,1016
629,B21_04_ground_truth,B21,4,706
630,B21_05_ground_truth,B21,5,1287
631,B21_06_ground_truth,B21,6,930
632,B21_07_ground_truth,B21,7,1165
633,B21_08_ground_truth,B21,8,1184
634,B21_09_ground_truth,B21,9,1054
635,B21_10_ground_truth,B21,10,919
636,B21_11_ground_truth,B21,11,986
637,B21_12_ground_truth,B21,12,1240
638,B21_13_ground_truth,B21,13,1081
639,B22_01_ground_truth,B22,1,843
640,B22_02_ground_truth,B22,2,876
641,B22_03_ground_truth,B22,3,866
642,B22_04_ground_truth,B22,4,748
643,B22_05_ground_truth,B22,5,1025
644,B22_06_ground_truth,B22,6,845
645,B22_07_ground_truth,B22,7,1015
646,B22_08_ground_truth,B22,8,941
647,B22_09_ground_truth,B22,9,885
648,B22_10_ground_truth,B22,10,909
649,B22_11_ground_truth,B22,11,924
650,B22_12_ground_truth,B22,12,828
651,B22_13_ground_truth,B22,13,837
652,B22_14_ground_truth,B22,14,848
653,B22_15_ground_truth,B22,15,754
654,B23_01_ground_truth,B23,1,1056
655,B23_02_ground_truth,B23,2,927
656,B23_03_ground_truth,B23,3,869
657,B23_04_ground_truth,B23,4,846
658,B23_05_ground_truth,B23,5,955
659,B23_06_ground_truth,B23,6,893
660,B23_07_ground_truth,B23,7,1049
661,B23_08_ground_truth,B23,8,913
662,B23_09_ground_truth,B23,9,976
663,B23_10_ground_truth,B23,10,1040
664,B23_11_ground_truth,B23,11,1116
665,B23_12_ground_truth,B23,12,1229
666,B23_13_ground_truth,B23,13,1143
667,B23_14_ground_truth,B23,14,1051
668,B24_01_ground_truth,B24,1,1080
669,B24_02_ground_truth,B24,2,968
670,B24_03_ground_truth,B24,3,1015
671,B24_04_ground_truth,B24,4,936
672,B24_05_ground_truth,B24,5,1162
673,B24_06_ground_truth,B24,6,1023
674,B24_07_ground_truth,B24,7,1038
675,B24_08_ground_truth,B24,8,796
676,B24_09_ground_truth,B24,9,1335
677,B24_10_ground_truth,B24,10,1029
678,B24_11_ground_truth,B24,11,980
679,B24_12_ground_truth,B24,12,1052
680,B24_13_ground_truth,B24,13,855
681,C01_01_ground_truth,C01,1,1074
682,C01_02_ground_truth,C01,2,1198
683,C01_03_ground_truth,C01,3,901
684,C01_04_ground_truth,C01,4,885
685,C01_05_ground_truth,C01,5,798
686,C01_06_ground_truth,C01,6,951
687,C01_07_ground_truth,C01,7,1093
688,C01_08_ground_truth,C01,8,1185
689,C01_09_ground_truth,C01,9,1032
690,C01_10_ground_truth,C01,10,1100
691,C01_11_ground_truth,C01,11,1157
692,C01_12_ground_truth,C01,12,1040
693,C01_13_ground_truth,C01,13,935
694,C01_14_ground_truth,C01,14,984
695,C01_15_ground_truth,C01,15,956
696,C02_01_ground_truth,C02,1,1080
697,C02_02_ground_truth,C02,2,966
698,C02_03_ground_truth,C02,3,1083
699,C02_04_ground_truth,C02,4,1083
700,C02_05_ground_truth,C02,5,1075
701,C02_06_ground_truth,C02,6,931
702,C02_08_ground_truth,C02,8,999
703,C02_09_ground_truth,C02,9,760
704,C02_10_ground_truth,C02,10,1085
705,C02_11_ground_truth,C02,11,1085
706,C02_12_ground_truth,C02,12,1028
707,C02_13_ground_truth,C02,13,913
708,C02_14_ground_truth,C02,14,1077
709,C02_15_ground_truth,C02,15,948
710,C03_01_ground_truth,C03,1,1053
711,C03_02_ground_truth,C03,2,862
712,C03_03_ground_truth,C03,3,1134
713,C03_04_ground_truth,C03,4,1098
714,C03_05_ground_truth,C03,5,870
715,C03_06_ground_truth,C03,6,942
716,C03_07_ground_truth,C03,7,1160
717,C03_08_ground_truth,C03,8,1243
718,C03_09_ground_truth,C03,9,1030
719,C03_10_ground_truth,C03,10,1079
720,C03_11_ground_truth,C03,11,1097
721,C03_12_ground_truth,C03,12,1089
722,C03_13_ground_truth,C03,13,1137
723,C03_14_ground_truth,C03,14,978
724,C03_15_ground_truth,C03,15,1059
725,C04_01_ground_truth,C04,1,1068
726,C04_02_ground_truth,C04,2,1039
727,C04_03_ground_truth,C04,3,1283
728,C04_04_ground_truth,C04,4,903
729,C04_05_ground_truth,C04,5,1087
730,C04_06_ground_truth,C04,6,1204
731,C04_07_ground_truth,C04,7,845
732,C04_08_ground_truth,C04,8,1190
733,C04_09_ground_truth,C04,9,874
734,C04_10_ground_truth,C04,10,994
735,C04_11_ground_truth,C04,11,878
736,C04_12_ground_truth,C04,12,928
737,C04_13_ground_truth,C04,13,1065
738,C04_14_ground_truth,C04,14,1135
739,C04_15_ground_truth,C04,15,986
740,C05_01_ground_truth,C05,1,1133
741,C05_02_ground_truth,C05,2,1073
742,C05_03_ground_truth,C05,3,956
743,C05_04_ground_truth,C05,4,1120
744,C05_05_ground_truth,C05,5,935
745,C05_06_ground_truth,C05,6,947
746,C05_07_ground_truth,C05,7,783
747,C05_08_ground_truth,C05,8,1084
748,C05_09_ground_truth,C05,9,955
749,C05_10_ground_truth,C05,10,1035
750,C05_11_ground_truth,C05,11,1081
751,C05_13_ground_truth,C05,13,842
752,C05_14_ground_truth,C05,14,1081
753,C05_15_ground_truth,C05,15,1050
754,C06_01_ground_truth,C06,1,832
755,C06_02_ground_truth,C06,2,1137
756,C06_03_ground_truth,C06,3,1050
757,C06_04_ground_truth,C06,4,889
758,C06_05_ground_truth,C06,5,621
759,C06_06_ground_truth,C06,6,1148
760,C06_07_ground_truth,C06,7,930
761,C06_08_ground_truth,C06,8,1066
762,C06_09_ground_truth,C06,9,992
763,C06_10_ground_truth,C06,10,1060
764,C06_11_ground_truth,C06,11,1009
765,C06_12_ground_truth,C06,12,858
766,C06_13_ground_truth,C06,13,1045
767,C06_14_ground_truth,C06,14,931
768,C06_15_ground_truth,C06,15,1026
769,C07_01_ground_truth,C07,1,1012
770,C07_02_ground_truth,C07,2,1157
771,C07_03_ground_truth,C07,3,946
772,C07_04_ground_truth,C07,4,1118
773,C07_05_ground_truth,C07,5,1099
774,C07_06_ground_truth,C07,6,1162
775,C07_07_ground_truth,C07,7,1175
776,C07_08_ground_truth,C07,8,947
777,C07_09_ground_truth,C07,9,1409
778,C07_10_ground_truth,C07,10,1209
779,C07_11_ground_truth,C07,11,923
780,C07_12_ground_truth,C07,12,797
781,C07_13_ground_truth,C07,13,1169
782,C07_14_ground_truth,C07,14,717
783,C08_01_ground_truth,C08,1,838
784,C08_02_ground_truth,C08,2,1317
785,C08_03_ground_truth,C08,3,1017
786,C08_04_ground_truth,C08,4,1048
787,C08_05_ground_truth,C08,5,893
788,C08_06_ground_truth,C08,6,923
789,C08_07_ground_truth,C08,7,1117
790,C08_08_ground_truth,C08,8,972
791,C08_09_ground_truth,C08,9,917
792,C08_10_ground_truth,C08,10,1136
793,C08_11_ground_truth,C08,11,902
794,C08_12_ground_truth,C08,12,1089
795,C08_13_ground_truth,C08,13,992
796,C08_14_ground_truth,C08,14,898
797,C08_15_ground_truth,C08,15,1124
798,C09_01_ground_truth,C09,1,1021
799,C09_02_ground_truth,C09,2,806
800,C09_03_ground_truth,C09,3,832
801,C09_04_ground_truth,C09,4,1087
802,C09_05_ground_truth,C09,5,843
803,C09_06_ground_truth,C09,6,965
804,C09_07_ground_truth,C09,7,908
805,C09_08_ground_truth,C09,8,883
806,C09_09_ground_truth,C09,9,1173
807,C09_10_ground_truth,C09,10,1059
808,C09_11_ground_truth,C09,11,1230
809,C09_12_ground_truth,C09,12,1004
810,C09_13_ground_truth,C09,13,844
811,C09_14_ground_truth,C09,14,1076
812,C09_15_ground_truth,C09,15,951
813,C10_01_ground_truth,C10,1,1052
814,C10_02_ground_truth,C10,2,1092
815,C10_03_ground_truth,C10,3,1014
816,C10_04_ground_truth,C10,4,999
817,C10_05_ground_truth,C10,5,749
818,C10_06_ground_truth,C10,6,1077
819,C10_07_ground_truth,C10,7,1010
820,C10_08_ground_truth,C10,8,989
821,C10_09_ground_truth,C10,9,1132
822,C10_10_ground_truth,C10,10,1069
823,C10_11_ground_truth,C10,11,804
824,C10_12_ground_truth,C10,12,764
825,C10_13_ground_truth,C10,13,896
826,C10_14_ground_truth,C10,14,941
827,C10_15_ground_truth,C10,15,1214
828,C11_01_ground_truth,C11,1,755
829,C11_02_ground_truth,C11,2,1231
830,C11_03_ground_truth,C11,3,1266
831,C11_04_ground_truth,C11,4,881
832,C11_05_ground_truth,C11,5,1061
833,C11_06_ground_truth,C11,6,997
834,C11_07_ground_truth,C11,7,1021
835,C11_08_ground_truth,C11,8,862
836,C11_09_ground_truth,C11,9,992
837,C11_10_ground_truth,C11,10,1097
838,C11_11_ground_truth,C11,11,1066
839,C11_12_ground_truth,C11,12,1227
840,C11_13_ground_truth,C11,13,1188
841,C11_14_ground_truth,C11,14,966
842,C12_01_ground_truth,C12,1,1219
843,C12_02_ground_truth,C12,2,1103
844,C12_03_ground_truth,C12,3,1054
845,C12_04_ground_truth,C12,4,590
846,C12_05_ground_truth,C12,5,1326
847,C12_06_ground_truth,C12,6,817
848,C12_07_ground_truth,C12,7,934
849,C12_08_ground_truth,C12,8,866
850,C12_09_ground_truth,C12,9,993
851,C12_10_ground_truth,C12,10,1032
852,C12_11_ground_truth,C12,11,1077
853,C12_12_ground_truth,C12,12,1085
854,C12_13_ground_truth,C12,13,1075
855,C12_14_ground_truth,C12,14,851
856,C12_15_ground_truth,C12,15,1260
857,C13_01_ground_truth,C13,1,805
858,C13_02_ground_truth,C13,2,1078
859,C13_03_ground_truth,C13,3,1216
860,C13_04_ground_truth,C13,4,1138
861,C13_05_ground_truth,C13,5,962
862,C13_06_ground_truth,C13,6,821
863,C13_07_ground_truth,C13,7,710
864,C13_08_ground_truth,C13,8,950
865,C13_09_ground_truth,C13,9,1080
866,C13_10_ground_truth,C13,10,908
867,C13_11_ground_truth,C13,11,921
868,C13_12_ground_truth,C13,12,917
869,C13_13_ground_truth,C13,13,987
870,C13_14_ground_truth,C13,14,491
871,C14_01_ground_truth,C14,1,970
872,C14_02_ground_truth,C14,2,1001
873,C14_03_ground_truth,C14,3,955
874,C14_04_ground_truth,C14,4,989
875,C14_05_ground_truth,C14,5,818
876,C14_06_ground_truth,C14,6,803
877,C14_07_ground_truth,C14,7,959
878,C14_08_ground_truth,C14,8,1077
879,C14_09_ground_truth,C14,9,1117
880,C14_10_ground_truth,C14,10,1079
881,C14_11_ground_truth,C14,11,1004
882,C14_12_ground_truth,C14,12,898
883,C14_13_ground_truth,C14,13,1031
884,C15_01_ground_truth,C15,1,843
885,C15_02_ground_truth,C15,2,960
886,C15_03_ground_truth,C15,3,1141
887,C15_04_ground_truth,C15,4,759
888,C15_05_ground_truth,C15,5,1093
889,C15_06_ground_truth,C15,6,910
890,C15_07_ground_truth,C15,7,908
891,C15_08_ground_truth,C15,8,1206
892,C15_09_ground_truth,C15,9,1007
893,C15_10_ground_truth,C15,10,1095
894,C15_11_ground_truth,C15,11,703
895,C15_12_ground_truth,C15,12,901
896,C15_13_ground_truth,C15,13,1084
897,C16_01_ground_truth,C16,1,1065
898,C16_02_ground_truth,C16,2,1041
899,C16_03_ground_truth,C16,3,542
900,C16_04_ground_truth,C16,4,929
901,C16_05_ground_truth,C16,5,1480
902,C16_06_ground_truth,C16,6,1006
903,C16_07_ground_truth,C16,7,1182
904,C16_08_ground_truth,C16,8,903
905,C16_09_ground_truth,C16,9,1383
906,C16_10_ground_truth,C16,10,930
907,C16_11_ground_truth,C16,11,859
908,C16_12_ground_truth,C16,12,942
909,C16_13_ground_truth,C16,13,640
910,C16_14_ground_truth,C16,14,759
911,C17_01_ground_truth,C17,1,1124
912,C17_02_ground_truth,C17,2,1000
913,C17_03_ground_truth,C17,3,749
914,C17_04_ground_truth,C17,4,1062
915,C17_05_ground_truth,C17,5,1028
916,C17_06_ground_truth,C17,6,980
917,C17_07_ground_truth,C17,7,1008
918,C17_08_ground_truth,C17,8,969
919,C17_09_ground_truth,C17,9,1092
920,C17_10_ground_truth,C17,10,1020
921,C17_11_ground_truth,C17,11,988
922,C17_12_ground_truth,C17,12,954
923,C17_13_ground_truth,C17,13,1183
924,C18_01_ground_truth,C18,1,977
925,C18_02_ground_truth,C18,2,1072
926,C18_03_ground_truth,C18,3,1248
927,C18_04_ground_truth,C18,4,1221
928,C18_05_ground_truth,C18,5,1040
929,C18_07_ground_truth,C18,7,994
930,C18_08_ground_truth,C18,8,864
931,C18_09_ground_truth,C18,9,1173
932,C18_10_ground_truth,C18,10,988
933,C18_11_ground_truth,C18,11,1026
934,C18_12_ground_truth,C18,12,1039
935,C18_13_ground_truth,C18,13,1061
936,C18_14_ground_truth,C18,14,1060
937,C19_01_ground_truth,C19,1,1138
938,C19_02_ground_truth,C19,2,1203
939,C19_03_ground_truth,C19,3,953
940,C19_04_ground_truth,C19,4,768
941,C19_05_ground_truth,C19,5,739
942,C19_06_ground_truth,C19,6,949
943,C19_07_ground_truth,C19,7,994
944,C19_08_ground_truth,C19,8,1157
945,C19_09_ground_truth,C19,9,1085
946,C19_10_ground_truth,C19,10,1011
947,C19_11_ground_truth,C19,11,762
948,C19_12_ground_truth,C19,12,1085
949,C19_13_ground_truth,C19,13,913
950,C19_14_ground_truth,C19,14,1075
951,C20_01_ground_truth,C20,1,981
952,C20_02_ground_truth,C20,2,750
953,C20_03_ground_truth,C20,3,945
954,C20_04_ground_truth,C20,4,967
955,C20_05_ground_truth,C20,5,1143
956,C20_06_ground_truth,C20,6,690
957,C20_07_ground_truth,C20,7,882
958,C20_08_ground_truth,C20,8,1070
959,C20_09_ground_truth,C20,9,818
960,C20_10_ground_truth,C20,10,848
961,C20_11_ground_truth,C20,11,1057
962,C20_12_ground_truth,C20,12,831
963,C20_13_ground_truth,C20,13,1173
964,C20_14_ground_truth,C20,14,1013
965,C20_15_ground_truth,C20,15,784
966,C21_02_ground_truth,C21,2,1665
967,C21_03_ground_truth,C21,3,910
968,C21_04_ground_truth,C21,4,971
969,C21_05_ground_truth,C21,5,870
970,C21_07_ground_truth,C21,7,1009
971,C21_09_ground_truth,C21,9,975
972,C21_10_ground_truth,C21,10,1069
973,C21_11_ground_truth,C21,11,1090
974,C21_12_ground_truth,C21,12,815
975,C21_13_ground_truth,C21,13,1361
976,C21_14_ground_truth,C21,14,953
977,C22_01_ground_truth,C22,1,1260
978,C22_02_ground_truth,C22,2,1101
979,C22_03_ground_truth,C22,3,998
980,C22_04_ground_truth,C22,4,768
981,C22_05_ground_truth,C22,5,786
982,C22_06_ground_truth,C22,6,1066
983,C22_07_ground_truth,C22,7,1031
984,C22_08_ground_truth,C22,8,766
985,C22_09_ground_truth,C22,9,1107
986,C22_10_ground_truth,C22,10,1160
987,C22_12_ground_truth,C22,12,1231
988,C22_13_ground_truth,C22,13,864
989,C22_14_ground_truth,C22,14,1210
990,C23_01_ground_truth,C23,1,892
991,C23_02_ground_truth,C23,2,1338
992,C23_03_ground_truth,C23,3,814
993,C23_05_ground_truth,C23,5,798
994,C23_06_ground_truth,C23,6,879
995,C23_07_ground_truth,C23,7,863
996,C23_08_ground_truth,C23,8,1194
997,C23_09_ground_truth,C23,9,758
998,C23_10_ground_truth,C23,10,1276
999,C23_11_ground_truth,C23,11,1162
1000,C23_12_ground_truth,C23,12,1285
1001,C23_13_ground_truth,C23,13,1007
1002,C23_14_ground_truth,C23,14,917
1003,C24_01_ground_truth,C24,1,785
1004,C24_02_ground_truth,C24,2,1087
1005,C24_03_ground_truth,C24,3,993
1006,C24_04_ground_truth,C24,4,914
1007,C24_05_ground_truth,C24,5,1179
1008,C24_06_ground_truth,C24,6,914
1009,C24_07_ground_truth,C24,7,779
1010,C24_08_ground_truth,C24,8,1249
1011,C24_09_ground_truth,C24,9,902
1012,C24_10_ground_truth,C24,10,985
1013,C24_11_ground_truth,C24,11,1020
1014,C24_12_ground_truth,C24,12,1053
1015,C24_13_ground_truth,C24,13,890
1016,C24_14_ground_truth,C24,14,994
1017,C24_15_ground_truth,C24,15,718
1018,D01_01_ground_truth,D01,1,824
1019,D01_02_ground_truth,D01,2,1185
1020,D01_03_ground_truth,D01,3,928
1021,D01_04_ground_truth,D01,4,897
1022,D01_05_ground_truth,D01,5,939
1023,D01_06_ground_truth,D01,6,957
1024,D01_07_ground_truth,D01,7,898
1025,D01_08_ground_truth,D01,8,866
1026,D01_09_ground_truth,D01,9,1013
1027,D01_10_ground_truth,D01,10,922
1028,D01_11_ground_truth,D01,11,764
1029,D01_12_ground_truth,D01,12,1239
1030,D01_13_ground_truth,D01,13,1084
1031,D01_14_ground_truth,D01,14,993
1032,D01_15_ground_truth,D01,15,931
1033,D02_01_ground_truth,D02,1,1247
1034,D02_02_ground_truth,D02,2,1180
1035,D02_03_ground_truth,D02,3,885
1036,D02_04_ground_truth,D02,4,915
1037,D02_05_ground_truth,D02,5,1037
1038,D02_06_ground_truth,D02,6,879
1039,D02_07_ground_truth,D02,7,1122
1040,D02_08_ground_truth,D02,8,967
1041,D02_09_ground_truth,D02,9,960
1042,D02_10_ground_truth,D02,10,857
1043,D02_11_ground_truth,D02,11,1116
1044,D02_12_ground_truth,D02,12,1038
1045,D02_13_ground_truth,D02,13,1329
1046,D02_14_ground_truth,D02,14,1046
1047,D02_15_ground_truth,D02,15,1038
1048,D03_01_ground_truth,D03,1,1190
1049,D03_02_ground_truth,D03,2,946
1050,D03_03_ground_truth,D03,3,862
1051,D03_04_ground_truth,D03,4,957
1052,D03_05_ground_truth,D03,5,1070
1053,D03_06_ground_truth,D03,6,843
1054,D03_07_ground_truth,D03,7,987
1055,D03_08_ground_truth,D03,8,756
1056,D03_09_ground_truth,D03,9,874
1057,D03_10_ground_truth,D03,10,997
1058,D03_11_ground_truth,D03,11,1048
1059,D03_12_ground_truth,D03,12,1075
1060,D03_13_ground_truth,D03,13,1047
1061,D03_14_ground_truth,D03,14,930
1062,D03_15_ground_truth,D03,15,995
1063,D04_01_ground_truth,D04,1,1026
1064,D04_02_ground_truth,D04,2,1266
1065,D04_03_ground_truth,D04,3,1101
1066,D04_04_ground_truth,D04,4,960
1067,D04_05_ground_truth,D04,5,962
1068,D04_06_ground_truth,D04,6,1214
1069,D04_07_ground_truth,D04,7,1163
1070,D04_08_ground_truth,D04,8,1041
1071,D04_09_ground_truth,D04,9,1005
1072,D04_10_ground_truth,D04,10,954
1073,D04_11_ground_truth,D04,11,944
1074,D04_12_ground_truth,D04,12,1011
1075,D04_13_ground_truth,D04,13,683
1076,D04_14_ground_truth,D04,14,1069
1077,D04_15_ground_truth,D04,15,1005
1078,D05_01_ground_truth,D05,1,897
1079,D05_02_ground_truth,D05,2,1209
1080,D05_03_ground_truth,D05,3,1093
1081,D05_04_ground_truth,D05,4,913
1082,D05_05_ground_truth,D05,5,849
1083,D05_06_ground_truth,D05,6,1171
1084,D05_07_ground_truth,D05,7,819
1085,D05_08_ground_truth,D05,8,1053
1086,D05_09_ground_truth,D05,9,1311
1087,D05_10_ground_truth,D05,10,1130
1088,D05_11_ground_truth,D05,11,934
1089,D05_12_ground_truth,D05,12,947
1090,D05_13_ground_truth,D05,13,1030
1091,D05_14_ground_truth,D05,14,933
1092,D05_15_ground_truth,D05,15,809
1093,D06_01_ground_truth,D06,1,969
1094,D06_02_ground_truth,D06,2,1137
1095,D06_03_ground_truth,D06,3,1029
1096,D06_04_ground_truth,D06,4,1065
1097,D06_05_ground_truth,D06,5,913
1098,D06_06_ground_truth,D06,6,1230
1099,D06_07_ground_truth,D06,7,956
1100,D06_08_ground_truth,D06,8,1161
1101,D06_09_ground_truth,D06,9,993
1102,D06_10_ground_truth,D06,10,1034
1103,D06_11_ground_truth,D06,11,944
1104,D06_12_ground_truth,D06,12,1009
1105,D06_13_ground_truth,D06,13,887
1106,D06_14_ground_truth,D06,14,1078
1107,D06_15_ground_truth,D06,15,800
1108,D07_01_ground_truth,D07,1,1001
1109,D07_02_ground_truth,D07,2,797
1110,D07_03_ground_truth,D07,3,1027
1111,D07_04_ground_truth,D07,4,1006
1112,D07_05_ground_truth,D07,5,1002
1113,D07_06_ground_truth,D07,6,1158
1114,D07_07_ground_truth,D07,7,932
1115,D07_08_ground_truth,D07,8,1017
1116,D07_09_ground_truth,D07,9,957
1117,D07_10_ground_truth,D07,10,1165
1118,D07_11_ground_truth,D07,11,1188
1119,D07_12_ground_truth,D07,12,1045
1120,D07_13_ground_truth,D07,13,1116
1121,D07_14_ground_truth,D07,14,997
1122,D07_15_ground_truth,D07,15,1195
1123,D08_01_ground_truth,D08,1,1245
1124,D08_02_ground_truth,D08,2,1015
1125,D08_03_ground_truth,D08,3,978
1126,D08_04_ground_truth,D08,4,927
1127,D08_05_ground_truth,D08,5,945
1128,D08_06_ground_truth,D08,6,1045
1129,D08_07_ground_truth,D08,7,1096
1130,D08_08_ground_truth,D08,8,1183
1131,D08_09_ground_truth,D08,9,815
1132,D08_10_ground_truth,D08,10,985
1133,D08_11_ground_truth,D08,11,1043
1134,D08_12_ground_truth,D08,12,1171
1135,D08_13_ground_truth,D08,13,1133
1136,D08_14_ground_truth,D08,14,1008
1137,D09_01_ground_truth,D09,1,1146
1138,D09_02_ground_truth,D09,2,1019
1139,D09_03_ground_truth,D09,3,924
1140,D09_04_ground_truth,D09,4,884
1141,D09_05_ground_truth,D09,5,1290
1142,D09_06_ground_truth,D09,6,1079
1143,D09_07_ground_truth,D09,7,1013
1144,D09_08_ground_truth,D09,8,1166
1145,D09_09_ground_truth,D09,9,1130
1146,D09_10_ground_truth,D09,10,1044
1147,D09_11_ground_truth,D09,11,1114
1148,D09_12_ground_truth,D09,12,1382
1149,D09_13_ground_truth,D09,13,1139
1150,D09_14_ground_truth,D09,14,1100
1151,D10_01_ground_truth,D10,1,1292
1152,D10_02_ground_truth,D10,2,1128
1153,D10_03_ground_truth,D10,3,1303
1154,D10_04_ground_truth,D10,4,1140
1155,D10_05_ground_truth,D10,5,1038
1156,D10_06_ground_truth,D10,6,1017
1157,D10_07_ground_truth,D10,7,981
1158,D10_08_ground_truth,D10,8,1288
1159,D10_09_ground_truth,D10,9,1081
1160,D10_10_ground_truth,D10,10,1223
1161,D10_11_ground_truth,D10,11,927
1162,D10_12_ground_truth,D10,12,950
1163,D10_13_ground_truth,D10,13,821
1164,D10_14_ground_truth,D10,14,1106
1165,D10_15_ground_truth,D10,15,1120
1166,D11_01_ground_truth,D11,1,894
1167,D11_02_ground_truth,D11,2,1166
1168,D11_03_ground_truth,D11,3,1014
1169,D11_04_ground_truth,D11,4,953
1170,D11_05_ground_truth,D11,5,1098
1171,D11_06_ground_truth,D11,6,810
1172,D11_07_ground_truth,D11,7,747
1173,D11_08_ground_truth,D11,8,1194
1174,D11_09_ground_truth,D11,9,877
1175,D11_10_ground_truth,D11,10,1217
1176,D11_11_ground_truth,D11,11,966
1177,D11_12_ground_truth,D11,12,1042
1178,D11_13_ground_truth,D11,13,1128
1179,D11_14_ground_truth,D11,14,809
1180,D11_15_ground_truth,D11,15,576
1181,D12_01_ground_truth,D12,1,1065
1182,D12_02_ground_truth,D12,2,871
1183,D12_03_ground_truth,D12,3,921
1184,D12_04_ground_truth,D12,4,1107
1185,D12_05_ground_truth,D12,5,924
1186,D12_06_ground_truth,D12,6,1052
1187,D12_07_ground_truth,D12,7,1011
1188,D12_08_ground_truth,D12,8,1117
1189,D12_09_ground_truth,D12,9,1112
1190,D12_10_ground_truth,D12,10,1091
1191,D12_11_ground_truth,D12,11,1203
1192,D12_12_ground_truth,D12,12,1135
1193,D12_13_ground_truth,D12,13,958
1194,D12_14_ground_truth,D12,14,1181
1195,D12_15_ground_truth,D12,15,899
1196,D13_01_ground_truth,D13,1,1032
1197,D13_02_ground_truth,D13,2,968
1198,D13_03_ground_truth,D13,3,986
1199,D13_04_ground_truth,D13,4,1188
1200,D13_05_ground_truth,D13,5,1046
1201,D13_06_ground_truth,D13,6,959
1202,D13_07_ground_truth,D13,7,1191
1203,D13_08_ground_truth,D13,8,1047
1204,D13_09_ground_truth,D13,9,1124
1205,D13_10_ground_truth,D13,10,1086
1206,D13_11_ground_truth,D13,11,960
1207,D13_12_ground_truth,D13,12,1209
1208,D13_13_ground_truth,D13,13,1129
1209,D14_01_ground_truth,D14,1,976
1210,D14_02_ground_truth,D14,2,1018
1211,D14_03_ground_truth,D14,3,1070
1212,D14_04_ground_truth,D14,4,1051
1213,D14_05_ground_truth,D14,5,665
1214,D14_06_ground_truth,D14,6,944
1215,D14_07_ground_truth,D14,7,1069
1216,D14_08_ground_truth,D14,8,1213
1217,D14_09_ground_truth,D14,9,1198
1218,D14_10_ground_truth,D14,10,784
1219,D14_11_ground_truth,D14,11,876
1220,D14_12_ground_truth,D14,12,806
1221,D14_13_ground_truth,D14,13,959
1222,D15_02_ground_truth,D15,2,1033
1223,D15_03_ground_truth,D15,3,1075
1224,D15_04_ground_truth,D15,4,1017
1225,D15_05_ground_truth,D15,5,1080
1226,D15_06_ground_truth,D15,6,974
1227,D15_08_ground_truth,D15,8,1034
1228,D15_09_ground_truth,D15,9,1108
1229,D15_10_ground_truth,D15,10,1120
1230,D15_11_ground_truth,D15,11,694
1231,D15_12_ground_truth,D15,12,1176
1232,D15_13_ground_truth,D15,13,895
1233,D16_01_ground_truth,D16,1,1014
1234,D16_02_ground_truth,D16,2,1109
1235,D16_03_ground_truth,D16,3,595
1236,D16_05_ground_truth,D16,5,1388
1237,D16_06_ground_truth,D16,6,1072
1238,D16_07_ground_truth,D16,7,1283
1239,D16_08_ground_truth,D16,8,947
1240,D16_09_ground_truth,D16,9,1068
1241,D16_10_ground_truth,D16,10,1072
1242,D16_11_ground_truth,D16,11,1111
1243,D16_12_ground_truth,D16,12,928
1244,D16_13_ground_truth,D16,13,1134
1245,D16_14_ground_truth,D16,14,857
1246,D17_01_ground_truth,D17,1,854
1247,D17_02_ground_truth,D17,2,1046
1248,D17_03_ground_truth,D17,3,901
1249,D17_04_ground_truth,D17,4,1148
1250,D17_05_ground_truth,D17,5,942
1251,D17_06_ground_truth,D17,6,560
1252,D17_07_ground_truth,D17,7,1145
1253,D17_08_ground_truth,D17,8,992
1254,D17_09_ground_truth,D17,9,996
1255,D17_10_ground_truth,D17,10,1002
1256,D17_11_ground_truth,D17,11,996
1257,D17_12_ground_truth,D17,12,1093
1258,D17_13_ground_truth,D17,13,799
1259,D18_02_ground_truth,D18,2,1067
1260,D18_03_ground_truth,D18,3,987
1261,D18_04_ground_truth,D18,4,1024
1262,D18_05_ground_truth,D18,5,1022
1263,D18_06_ground_truth,D18,6,1163
1264,D18_07_ground_truth,D18,7,790
1265,D18_08_ground_truth,D18,8,1202
1266,D18_09_ground_truth,D18,9,1086
1267,D18_10_ground_truth,D18,10,750
1268,D18_11_ground_truth,D18,11,910
1269,D18_12_ground_truth,D18,12,1021
1270,D19_01_ground_truth,D19,1,951
1271,D19_02_ground_truth,D19,2,851
1272,D19_03_ground_truth,D19,3,1171
1273,D19_04_ground_truth,D19,4,1026
1274,D19_05_ground_truth,D19,5,873
1275,D19_06_ground_truth,D19,6,973
1276,D19_07_ground_truth,D19,7,1187
1277,D19_08_ground_truth,D19,8,1218
1278,D19_09_ground_truth,D19,9,1001
1279,D19_10_ground_truth,D19,10,847
1280,D19_11_ground_truth,D19,11,860
1281,D20_01_ground_truth,D20,1,947
1282,D20_02_ground_truth,D20,2,1017
1283,D20_03_ground_truth,D20,3,1158
1284,D20_04_ground_truth,D20,4,1031
1285,D20_05_ground_truth,D20,5,1018
1286,D20_06_ground_truth,D20,6,781
1287,D20_07_ground_truth,D20,7,1019
1288,D20_08_ground_truth,D20,8,911
1289,D20_09_ground_truth,D20,9,943
1290,D20_10_ground_truth,D20,10,1131
1291,D20_11_ground_truth,D20,11,815
1292,D20_12_ground_truth,D20,12,1049
1293,D20_13_ground_truth,D20,13,1068
1294,D20_14_ground_truth,D20,14,1048
1295,D21_01_ground_truth,D21,1,1014
1296,D21_02_ground_truth,D21,2,1214
1297,D21_03_ground_truth,D21,3,893
1298,D21_04_ground_truth,D21,4,957
1299,D21_05_ground_truth,D21,5,883
1300,D21_06_ground_truth,D21,6,1060
1301,D21_07_ground_truth,D21,7,881
1302,D21_08_ground_truth,D21,8,1031
1303,D21_09_ground_truth,D21,9,1030
1304,D21_10_ground_truth,D21,10,1075
1305,D21_11_ground_truth,D21,11,886
1306,D21_13_ground_truth,D21,13,875
1307,D21_14_ground_truth,D21,14,917
1308,D21_15_ground_truth,D21,15,881
1309,D22_01_ground_truth,D22,1,1070
1310,D22_02_ground_truth,D22,2,1025
1311,D22_03_ground_truth,D22,3,990
1312,D22_04_ground_truth,D22,4,998
1313,D22_05_ground_truth,D22,5,941
1314,D22_06_ground_truth,D22,6,1094
1315,D22_07_ground_truth,D22,7,801
1316,D22_08_ground_truth,D22,8,954
1317,D22_09_ground_truth,D22,9,938
1318,D22_10_ground_truth,D22,10,1298
1319,D22_11_ground_truth,D22,11,861
1320,D22_12_ground_truth,D22,12,996
1321,D22_13_ground_truth,D22,13,1035
1322,D22_14_ground_truth,D22,14,1007
1323,D23_01_ground_truth,D23,1,953
1324,D23_02_ground_truth,D23,2,762
1325,D23_03_ground_truth,D23,3,984
1326,D23_04_ground_truth,D23,4,1031
1327,D23_05_ground_truth,D23,5,1046
1328,D23_06_ground_truth,D23,6,945
1329,D23_07_ground_truth,D23,7,787
1330,D23_08_ground_truth,D23,8,968
1331,D23_09_ground_truth,D23,9,743
1332,D23_10_ground_truth,D23,10,919
1333,D23_11_ground_truth,D23,11,814
1334,D23_12_ground_truth,D23,12,689
1335,D23_13_ground_truth,D23,13,1139
1336,D24_01_ground_truth,D24,1,1140
1337,D24_02_ground_truth,D24,2,1135
1338,D24_03_ground_truth,D24,3,890
1339,D24_04_ground_truth,D24,4,989
1340,D24_05_ground_truth,D24,5,1191
1341,D24_06_ground_truth,D24,6,1113
1342,D24_07_ground_truth,D24,7,1139
1343,D24_08_ground_truth,D24,8,648
1344,D24_09_ground_truth,D24,9,1109
1345,D24_10_ground_truth,D24,10,962
1346,D24_11_ground_truth,D24,11,1078
1347,D24_12_ground_truth,D24,12,1035
1348,E01_01_ground_truth,E01,1,928
1349,E01_02_ground_truth,E01,2,1187
1350,E01_03_ground_truth,E01,3,724
1351,E01_04_ground_truth,E01,4,966
1352,E01_05_ground_truth,E01,5,853
1353,E01_06_ground_truth,E01,6,872
1354,E01_07_ground_truth,E01,7,750
1355,E01_08_ground_truth,E01,8,857
1356,E01_09_ground_truth,E01,9,1014
1357,E01_10_ground_truth,E01,10,964
1358,E01_11_ground_truth,E01,11,837
1359,E01_12_ground_truth,E01,12,1200
1360,E01_13_ground_truth,E01,13,1212
1361,E01_14_ground_truth,E01,14,1111
1362,E01_15_ground_truth,E01,15,1001
1363,E02_01_ground_truth,E02,1,866
1364,E02_02_ground_truth,E02,2,884
1365,E02_03_ground_truth,E02,3,940
1366,E02_04_ground_truth,E02,4,1063
1367,E02_05_ground_truth,E02,5,1202
1368,E02_06_ground_truth,E02,6,1123
1369,E02_07_ground_truth,E02,7,938
1370,E02_08_ground_truth,E02,8,868
1371,E02_09_ground_truth,E02,9,879
1372,E02_10_ground_truth,E02,10,1171
1373,E02_11_ground_truth,E02,11,1004
1374,E02_12_ground_truth,E02,12,924
1375,E02_13_ground_truth,E02,13,1003
1376,E02_14_ground_truth,E02,14,984
1377,E02_15_ground_truth,E02,15,887
1378,E03_01_ground_truth,E03,1,1046
1379,E03_02_ground_truth,E03,2,1249
1380,E03_03_ground_truth,E03,3,796
1381,E03_04_ground_truth,E03,4,1007
1382,E03_05_ground_truth,E03,5,1173
1383,E03_06_ground_truth,E03,6,1210
1384,E03_07_ground_truth,E03,7,886
1385,E03_08_ground_truth,E03,8,1333
1386,E03_09_ground_truth,E03,9,1056
1387,E03_10_ground_truth,E03,10,1086
1388,E03_11_ground_truth,E03,11,1201
1389,E03_12_ground_truth,E03,12,1122
1390,E03_13_ground_truth,E03,13,934
1391,E03_14_ground_truth,E03,14,907
1392,E04_01_ground_truth,E04,1,814
1393,E04_02_ground_truth,E04,2,1069
1394,E04_03_ground_truth,E04,3,1135
1395,E04_04_ground_truth,E04,4,1108
1396,E04_05_ground_truth,E04,5,720
1397,E04_06_ground_truth,E04,6,897
1398,E04_07_ground_truth,E04,7,1212
1399,E04_08_ground_truth,E04,8,1188
1400,E04_09_ground_truth,E04,9,929
1401,E04_10_ground_truth,E04,10,1086
1402,E04_11_ground_truth,E04,11,973
1403,E04_12_ground_truth,E04,12,825
1404,E04_13_ground_truth,E04,13,973
1405,E04_14_ground_truth,E04,14,1065
1406,E04_15_ground_truth,E04,15,944
